{
  "initials": [
    {"char": "b", "word": "播", "emoji": "📻", "audio": "audio/b.mp3"},
    {"char": "p", "word": "泼", "emoji": "💦", "audio": "audio/p.mp3"},
    {"char": "m", "word": "摸", "emoji": "🖐️", "audio": "audio/m.mp3"},
    {"char": "f", "word": "佛", "emoji": "🧘", "audio": "audio/f.mp3"},
    {"char": "d", "word": "得", "emoji": "🉐", "audio": "audio/d.mp3"},
    {"char": "t", "word": "特", "emoji": "✨", "audio": "audio/t.mp3"},
    {"char": "n", "word": "呢", "emoji": "🤔", "audio": "audio/n.mp3"},
    {"char": "l", "word": "乐", "emoji": "🎵", "audio": "audio/l.mp3"},
    {"char": "g", "word": "哥", "emoji": "🧑", "audio": "audio/g.mp3"},
    {"char": "k", "word": "科", "emoji": "🔬", "audio": "audio/k.mp3"},
    {"char": "h", "word": "喝", "emoji": "🥤", "audio": "audio/h.mp3"},
    {"char": "j", "word": "鸡", "emoji": "🐔", "audio": "audio/j.mp3"},
    {"char": "q", "word": "七", "emoji": "7️⃣", "audio": "audio/q.mp3"},
    {"char": "x", "word": "西", "emoji": "🍉", "audio": "audio/x.mp3"},
    {"char": "zh", "word": "知", "emoji": "🧠", "audio": "audio/zh.mp3"},
    {"char": "ch", "word": "吃", "emoji": "😋", "audio": "audio/ch.mp3"},
    {"char": "sh", "word": "诗", "emoji": "📜", "audio": "audio/sh.mp3"},
    {"char": "r", "word": "日", "emoji": "☀️", "audio": "audio/r.mp3"},
    {"char": "z", "word": "字", "emoji": "🔤", "audio": "audio/z.mp3"},
    {"char": "c", "word": "刺", "emoji": "🌵", "audio": "audio/c.mp3"},
    {"char": "s", "word": "丝", "emoji": "🧵", "audio": "audio/s.mp3"},
    {"char": "y", "word": "衣", "emoji": "👕", "audio": "audio/y.mp3"},
    {"char": "w", "word": "屋", "emoji": "🏠", "audio": "audio/w.mp3"}
  ],
  "finals": [
    {"char": "a", "word": "啊", "emoji": "😮", "audio": "audio/a.mp3"},
    {"char": "o", "word": "喔", "emoji": "😲", "audio": "audio/o.mp3"},
    {"char": "e", "word": "鹅", "emoji": "🦢", "audio": "audio/e.mp3"},
    {"char": "i", "word": "衣", "emoji": "👕", "audio": "audio/i.mp3"},
    {"char": "u", "word": "乌", "emoji": "🐦", "audio": "audio/u.mp3"},
    {"char": "ü", "word": "鱼", "emoji": "🐟", "audio": "audio/v.mp3"}, 
    {"char": "ai", "word": "爱", "emoji": "❤️", "audio": "audio/ai.mp3"},
    {"char": "ei", "word": "杯", "emoji": "🍺", "audio": "audio/ei.mp3"},
    {"char": "ui", "word": "围", "emoji": "🧣", "audio": "audio/ui.mp3"},
    {"char": "ao", "word": "袄", "emoji": "🧥", "audio": "audio/ao.mp3"},
    {"char": "ou", "word": "鸥", "emoji": "🕊️", "audio": "audio/ou.mp3"},
    {"char": "iu", "word": "优", "emoji": "👍", "audio": "audio/iu.mp3"},
    {"char": "ie", "word": "耶", "emoji": "🎉", "audio": "audio/ie.mp3"},
    {"char": "üe", "word": "约", "emoji": "🤝", "audio": "audio/ve.mp3"}, 
    {"char": "er", "word": "耳", "emoji": "👂", "audio": "audio/er.mp3"},
    {"char": "an", "word": "安", "emoji": "😌", "audio": "audio/an.mp3"},
    {"char": "en", "word": "恩", "emoji": "🙏", "audio": "audio/en.mp3"},
    {"char": "in", "word": "音", "emoji": "🎶", "audio": "audio/in.mp3"},
    {"char": "un", "word": "温", "emoji": "🌡️", "audio": "audio/un.mp3"},
    {"char": "ün", "word": "云", "emoji": "☁️", "audio": "audio/vn.mp3"}, 
    {"char": "ang", "word": "昂", "emoji": "🤩", "audio": "audio/ang.mp3"},
    {"char": "eng", "word": "灯", "emoji": "💡", "audio": "audio/eng.mp3"},
    {"char": "ing", "word": "鹰", "emoji": "🦅", "audio": "audio/ing.mp3"},
    {"char": "ong", "word": "拥", "emoji": "🤗", "audio": "audio/ong.mp3"}
  ],
  "syllables": [
    {"char": "zhi", "word": "知", "emoji": "🧠", "audio": "audio/zhi.mp3"},
    {"char": "chi", "word": "吃", "emoji": "😋", "audio": "audio/chi.mp3"},
    {"char": "shi", "word": "狮", "emoji": "🦁", "audio": "audio/shi.mp3"},
    {"char": "ri", "word": "日", "emoji": "☀️", "audio": "audio/ri.mp3"},
    {"char": "zi", "word": "字", "emoji": "🔤", "audio": "audio/zi.mp3"},
    {"char": "ci", "word": "刺", "emoji": "🌵", "audio": "audio/ci.mp3"},
    {"char": "si", "word": "丝", "emoji": "🧵", "audio": "audio/si.mp3"},
    {"char": "yi", "word": "衣", "emoji": "👕", "audio": "audio/yi.mp3"},
    {"char": "wu", "word": "屋", "emoji": "🏠", "audio": "audio/wu.mp3"},
    {"char": "yu", "word": "鱼", "emoji": "🐟", "audio": "audio/yu.mp3"},
    {"char": "ye", "word": "夜", "emoji": "🌙", "audio": "audio/ye.mp3"},
    {"char": "yue", "word": "月", "emoji": "🌕", "audio": "audio/yue.mp3"},
    {"char": "yuan", "word": "圆", "emoji": "⚪", "audio": "audio/yuan.mp3"},
    {"char": "yin", "word": "音", "emoji": "🎶", "audio": "audio/yin.mp3"},
    {"char": "yun", "word": "云", "emoji": "☁️", "audio": "audio/yun.mp3"},
    {"char": "ying", "word": "影", "emoji": "🎬", "audio": "audio/ying.mp3"}
  ]
}
